tanggal,isu,tonality,berita_jakarta,link/page
12/7/2020,Penunjukan Anies Baswedan Dalam Organisasi C40,POSITIF,Terpilih Sebagai Wakil Ketua C40 Cities Gubernur Anies Berkomitmen Perluas Jangkauan untuk Perbaikan Iklim,https://www.beritajakarta.id/read/85278/terpilih-sebagai-wakil-ketua-c40-cities-gubernur-anies-berkomitmen-perluas-jangkauan-untuk-perbaikan-iklim#.X9BE3ukzbdc
12/7/2020,Penunjukan Anies Baswedan Dalam Organisasi C40,POSITIF,JPS: Kiprah Gubernur DKI Makin Diakui Dunia Internasional,https://www.beritajakarta.id/read/85285/jps-kiprah-gubernur-dki-makin-diakui-dunia-internasional#.X9BEhekzbdc
12/11/2020,Larangan Perayaan Malam Tahun Baru 2021,POSITIF,Kebijakan Larangan Perayaan Tahun Baru Berpotensi Kerumunan Sudah Tepat,https://www.beritajakarta.id/read/85484/kebijakan-larangan-perayaan-tahun-baru-berpotensi-kerumunan-sudah-tepat#.X9mEbekzbdc
12/11/2020,Larangan Perayaan Malam Tahun Baru 2021,POSITIF,Dinas Parekraf DKI Larang Perayaan Tahun Baru Berpotensi Kerumunan,https://www.beritajakarta.id/read/85482/dinas-parekraf-dki-larang-perayaan-tahun-baru-berpotensi-kerumunan#.X9mEeukzbdc
12/18/2020,Seruan Gubernur Jelang Natal dan Tahun Baru 2021,POSITIF,220 Personel Satpol PP Jakpus Bantu Pengamanan Perayaan Ibadah Natal,https://www.beritajakarta.id/read/85574/220-personel-satpol-pp-jakpus-bantu-pengamanan-perayaan-ibadah-natal#.X99jb-kzbdc
12/18/2020,Seruan Gubernur Jelang Natal dan Tahun Baru 2021,POSITIF,Dishub DKI Lakukan Uji Kelaikan Bus AKAP di Empat Terminal,https://www.beritajakarta.id/read/85572/dishub-dki-lakukan-uji-kelaikan-bus-akap-di-empat-terminal#.X99jd-kzbdc
12/18/2020,Seruan Gubernur Jelang Natal dan Tahun Baru 2021,POSITIF,Pemprov DKI Operasikan Empat Terminal Bus AKAP untuk Momen Nataru,https://www.beritajakarta.id/read/85567/pemprov-dki-operasikan-empat-terminal-bus-akap-untuk-momen-nataru#.X99jg-kzbdc
12/18/2020,Seruan Gubernur Jelang Natal dan Tahun Baru 2021,POSITIF,Ini Jadwal Operasional Transportasi Umum di Jakarta Hingga 8 Januari 2021,https://www.beritajakarta.id/read/85605/ini-jadwal-operasional-transportasi-umum-di-jakarta-hingga-8-januari-2021#.X-BHm-kzbUo
12/18/2020,Seruan Gubernur Jelang Natal dan Tahun Baru 2021,POSITIF,1.500 Personel Gabungan Siap Amankan Perayaan Natal dan Tahun Baru di Jaktim,https://www.beritajakarta.id/read/85606/1500-personel-gabungan-siap-amankan-perayaan-natal-dan-tahun-baru-di-jaktim#.X-BHhukzbUo
12/18/2020,Seruan Gubernur Jelang Natal dan Tahun Baru 2021,POSITIF,Antisipasi Lonjakan Kasus Akibat Libur Akhir Tahun Pemprov DKI Perpanjang Masa PSBB Transisi hingga 3 Januari 2021,https://www.beritajakarta.id/read/85603/antisipasi-lonjakan-kasus-akibat-libur-akhir-tahun-pemprov-dki-perpanjang-masa-psbb-transisi-hingga-3-januari-2021#.X-BHoOkzbUo
12/18/2020,Seruan Gubernur Jelang Natal dan Tahun Baru 2021,POSITIF,Pemprov DKI Pastikan Pasokan Pangan dan Harga Aman Jelang Natal dan Tahun Baru,https://www.beritajakarta.id/read/85525/pemprov-dki-pastikan-pasokan-pangan-dan-harga-aman-jelang-natal-dan-tahun-baru#.X99j1-kzbdc
12/21/2020,Uji Coba Penetapan Kawasan Rendah Emisi (Low Emission Zone) di DKI Jakarta,POSITIF,Pemprov DKI Uji Coba Kebijakan Kawasan Rendah Emisi di Kota Tua,https://www.beritajakarta.id/read/85585/pemprov-dki-uji-coba-kebijakan-kawasan-rendah-emisi-di-kota-tua#.X99jS-kzbdc
12/23/2020,RTH dan RPTRA di Jakarta Utara Ditutup Saat Libur Akhir Tahun,POSITIF,RPTRA di Kepulauan Seribu Bakal Ditutup Sementara Waktu,https://www.beritajakarta.id/read/85667/rptra-di-kepulauan-seribu-bakal-ditutup-sementara-waktu#.X-nebOkzbUo
12/23/2020,RTH dan RPTRA di Jakarta Utara Ditutup Saat Libur Akhir Tahun,POSITIF,Ini Destinasi Wisata yang Ditutup Oleh Disbud DKI Saat Natal dan Tahun Baru 2021,https://www.beritajakarta.id/read/85662/ini-destinasi-wisata-yang-ditutup-oleh-disbud-dki-saat-natal-dan-tahun-baru-2021#.X-neb-kzbUo
12/23/2020,RTH dan RPTRA di Jakarta Utara Ditutup Saat Libur Akhir Tahun,POSITIF,Ingat Ya Tiga Pulau Ini Ditutup Saat Libur Nataru,https://www.beritajakarta.id/read/85659/ingat-ya-tiga-pulau-ini-ditutup-saat-libur-nataru#.X-ned-kzbUo
12/23/2020,Unit Usaha Syariah Bank DKI Raih Penghargaan ASR 2020,POSITIF,Unit Usaha Syariah Bank DKI Terima Penghargaan ASR 2020,https://www.beritajakarta.id/read/85628/unit-usaha-syariah-bank-dki-terima-penghargaan-asr-2020#.X-nctOkzbdc
12/29/2020,Peresmian Lapangan Latih Jakarta International Stadium (JIS),POSITIF,Lapangan Latih JIS Diresmikan Ini Keunggulannya,https://www.beritajakarta.id/read/85719/lapangan-latih-jis-diresmikan-ini-keunggulannya#.X-nb_Okzbdc
12/29/2020,Peresmian Lapangan Latih Jakarta International Stadium (JIS),POSITIF,Gubernur Resmikan Lapangan Latih Stadion Jakarta International Stadium,https://www.beritajakarta.id/read/85721/gubernur-resmikan-lapangan-latih-stadion-jakarta-international-stadium#.X-ncBOkzbdc
11/2/2020,DKI Jakarta Raih Penghargaan Sustainable Transport Award (STA) 2021,POSITIF,Jakarta Raih STA 2021 Transjakarta Terus Kembangkan Sistem Integrasi,https://www.beritajakarta.id/read/84340/jakarta-raih-sta-2021-transjakarta-terus-kembangkan-sistem-integrasi#.X57XtlMzbdc
11/2/2020,DKI Jakarta Raih Penghargaan Sustainable Transport Award (STA) 2021,POSITIF,JPS: Menangkan Sustainable Transport Award Bukti Jakarta Berkelas Dunia,https://www.beritajakarta.id/read/84335/jps-menangkan-sustainable-transport-award-bukti-jakarta-berkelas-dunia#.X57Xv1Mzbdc
11/2/2020,DKI Jakarta Raih Penghargaan Sustainable Transport Award (STA) 2021,POSITIF,DKI Jakarta Raih Juara Sustainable Transport Award (STA) 2021,https://www.beritajakarta.id/read/84329/dki-jakarta-raih-juara-sustainable-transport-award-sta-2021#.X57XxlMzbdc
11/2/2020,DKI Jakarta Raih Penghargaan Sustainable Transport Award (STA) 2021,POSITIF,Transjakarta Raih Dua Penghargaan di TPR Award 2020,https://www.beritajakarta.id/read/84311/transjakarta-raih-dua-penghargaan-di-tpr-award-2020#.X57X3FMzbdc
11/3/2020,Halte Transjakarta Rusak akan Didesain Ulang Kekinian,POSITIF,Transjakarta Siapkan Halte dengan Konsep Modern dan Kekinian,https://www.beritajakarta.id/read/84352/transjakarta-siapkan-halte-dengan-konsep-modern-dan-kekinian#.X6N34JMzbUo
11/13/2020,Strategi Pemprov DKI Jakarta Mengatisipasi Banjir,POSITIF,Pemkot Jakbar Lakukan Gerebek Lumpur di Kedoya Selatan,https://www.beritajakarta.id/read/84741/pemkot-jakbar-lakukan-gerebek-lumpur-di-kedoya-selatan#.X7IbRNMzbdc
11/13/2020,Strategi Pemprov DKI Jakarta Mengatisipasi Banjir,POSITIF,Pemkot Jaksel Gelar Aksi Bersih-bersih,https://www.beritajakarta.id/read/84740/pemkot-jaksel-gelar-aksi-bersih-bersih#.X7IbRdMzbdc
11/13/2020,Strategi Pemprov DKI Jakarta Mengatisipasi Banjir,POSITIF,Pemkot Jakpus Rutin Bersihkan Saluran Bersama Warga,https://www.beritajakarta.id/read/84731/pemkot-jakpus-rutin-bersihkan-saluran-bersama-warga#.X7IbUNMzbdc
11/13/2020,Strategi Pemprov DKI Jakarta Mengatisipasi Banjir,POSITIF,Normalisasi Kali Tambun Rengas Capai 20 persen,https://www.beritajakarta.id/read/84715/normalisasi-kali-tambun-rengas-capai-20-persen#.X7IbedMzbdc
11/13/2020,Strategi Pemprov DKI Jakarta Mengatisipasi Banjir,POSITIF,Pemkot Jakpus Siagakan Petugas PPSU untuk Atasi Banjir,https://www.beritajakarta.id/read/84708/pemkot-jakpus-siagakan-petugas-ppsu-untuk-atasi-banjir#.X7IbjNMzbdc
11/13/2020,Strategi Pemprov DKI Jakarta Mengatisipasi Banjir,POSITIF,Empat Titik Saluran di Kelapa Gading Barat Dikuras,https://www.beritajakarta.id/read/84700/empat-titik-saluran-di-kelapa-gading-barat-dikuras#.X7IbnNMzbdc
11/13/2020,Strategi Pemprov DKI Jakarta Mengatisipasi Banjir,POSITIF,10 PPSU Angkut Lumpur dari Saluran Jl Pademangan IV,https://www.beritajakarta.id/read/84697/10-ppsu-angkut-lumpur-dari-saluran-jl-pademangan-iv#.X7Ibn9Mzbdc
11/13/2020,Strategi Pemprov DKI Jakarta Mengatisipasi Banjir,POSITIF,224 Sumur Resapan Selesai Dibangun di Kepulauan Seribu,https://www.beritajakarta.id/read/84696/224-sumur-resapan-selesai-dibangun-di-kepulauan-seribu#.X7IbodMzbdc
11/13/2020,Strategi Pemprov DKI Jakarta Mengatisipasi Banjir,POSITIF,826 Tali Air di Jakpus Telah Diperbaiki,https://www.beritajakarta.id/read/84682/826-tali-air-di-jakpus-telah-diperbaiki#.X7Ibs9Mzbdc
11/13/2020,Strategi Pemprov DKI Jakarta Mengatisipasi Banjir,POSITIF,Saluran Penghubung Poncol Bakal Diturap,https://www.beritajakarta.id/read/84687/saluran-penghubung-poncol-bakal-diturap#.X7Ibu9Mzbdc
11/13/2020,Strategi Pemprov DKI Jakarta Mengatisipasi Banjir,POSITIF,Saluran Jalan Pekapuran II Dibersihkan Petugas,https://www.beritajakarta.id/read/84678/saluran-jalan-pekapuran-ii-dibersihkan-petugas#.X7IbwNMzbdc
11/13/2020,Strategi Pemprov DKI Jakarta Mengatisipasi Banjir,POSITIF,38 Pasukan Biru Kuras Lima Saluran di Tanah Abang,https://www.beritajakarta.id/read/84666/38-pasukan-biru-kuras-lima-saluran-di-tanah-abang#.X7Ibw9Mzbdc
11/13/2020,Strategi Pemprov DKI Jakarta Mengatisipasi Banjir,POSITIF,Saluran di Wilayah RW 11 Pejaten Timur Dikuras,https://www.beritajakarta.id/read/84668/saluran-di-wilayah-rw-11-pejaten-timur-dikuras#.X7IbyNMzbdc
11/13/2020,Strategi Pemprov DKI Jakarta Mengatisipasi Banjir,POSITIF,Genangan di RW 04 dan 05 Kelurahan Kampung Melayu Surut,https://www.beritajakarta.id/read/84667/genangan-di-rw-04-dan-05-kelurahan-kampung-melayu-surut#.X7IbztMzbdc
11/13/2020,Strategi Pemprov DKI Jakarta Mengatisipasi Banjir,POSITIF,Tutupi Saluran Air Bangunan Kios di Poncol Ditertibkan,https://www.beritajakarta.id/read/84649/tutupi-saluran-air-bangunan-kios-di-poncol-ditertibkan#.X7Ib4tMzbdc
11/13/2020,Strategi Pemprov DKI Jakarta Mengatisipasi Banjir,POSITIF,Pembangunan Kolam Retensi di Rorotan Ditarget Rampung Desember,https://www.beritajakarta.id/read/84646/pembangunan-kolam-retensi-di-rorotan-ditarget-rampung-desember#.X7Ib69Mzbdc
11/13/2020,Strategi Pemprov DKI Jakarta Mengatisipasi Banjir,POSITIF,Saluran Air Jl Raya Pondok Gede Dibersihkan,https://www.beritajakarta.id/read/84648/saluran-air-jl-raya-pondok-gede-dibersihkan#.X7Ib79Mzbdc
11/13/2020,Strategi Pemprov DKI Jakarta Mengatisipasi Banjir,POSITIF,Pembangunan Embung Rusun Pesakih Kalideres Capai 70 Persen,https://www.beritajakarta.id/read/84642/pembangunan-embung-rusun-pesakih-kalideres-capai-70-persen#.X7Ib89Mzbdc
11/13/2020,Strategi Pemprov DKI Jakarta Mengatisipasi Banjir,POSITIF,Wali Kota Jaktim Tinjau Pembangunan Embung Wira Jasa,https://www.beritajakarta.id/read/84644/wali-kota-jaktim-tinjau-pembangunan-embung-wira-jasa#.X7Ib9tMzbdc
11/13/2020,Strategi Pemprov DKI Jakarta Mengatisipasi Banjir,POSITIF,Satgas SDA Perbaiki Turap Longsor di Jl Raya Pramuka,https://www.beritajakarta.id/read/84624/satgas-sda-perbaiki-turap-longsor-di-jl-raya-pramuka#.X7IdytMzbUo
11/13/2020,Strategi Pemprov DKI Jakarta Mengatisipasi Banjir,POSITIF,Normalisasi Saluran Air Jalan Patra Capai 55 Persen,https://www.beritajakarta.id/read/84628/normalisasi-saluran-air-jalan-patra-capai-55-persen#.X7IdzNMzbUo
11/13/2020,Strategi Pemprov DKI Jakarta Mengatisipasi Banjir,POSITIF,Pengerjaan Saluran Air di RT 03/01 Pulau Kelapa Rampung,https://www.beritajakarta.id/read/84627/pengerjaan-saluran-air-di-rt-0301-pulau-kelapa-rampung#.X7IdztMzbUo
11/13/2020,Strategi Pemprov DKI Jakarta Mengatisipasi Banjir,POSITIF,Lima PPSU Kuras Saluran Air di Jalan Bangka IX,https://www.beritajakarta.id/read/84614/lima-ppsu-kuras-saluran-air-di-jalan-bangka-ix#.X7Id4dMzbUo
11/13/2020,Strategi Pemprov DKI Jakarta Mengatisipasi Banjir,POSITIF,Pembangunan Waduk Rawa Malang di Cilincing Dimulai,https://www.beritajakarta.id/read/84617/pembangunan-waduk-rawa-malang-di-cilincing-dimulai#.X7Id49MzbUo
11/13/2020,Strategi Pemprov DKI Jakarta Mengatisipasi Banjir,POSITIF,Pembangunan Crossing Saluran Latumenten Capai 75 Persen,https://www.beritajakarta.id/read/84615/pembangunan-crossing-saluran-latumenten-capai-75-persen#.X7IeQ9MzbUo
11/13/2020,Strategi Pemprov DKI Jakarta Mengatisipasi Banjir,POSITIF,Progres Pengerukan Kali Cakung Lama Capai 80 Persen,https://www.beritajakarta.id/read/84607/progres-pengerukan-kali-cakung-lama-capai-80-persen#.X7IeR9MzbUo
11/17/2020,Bazaar Online Jakpreneur,POSITIF,Jumlah Jakpreneur Binaan Disparekraf DKI Lampaui Target,https://www.beritajakarta.id/read/84748/jumlah-jakpreneur-binaan-disparekraf-dki-lampaui-target#.X7IgBtMzbUo
11/19/2020,Upaya Pemprov DKI Jakarta Meminimalisir Pencemaran Udara,POSITIF,Dinas LH Lakukan Pemantauan Kualitas Udara di Lima SPKU,https://www.beritajakarta.id/read/84867/dinas-lh-lakukan-pemantauan-kualitas-udara-di-lima-spku#.X736pqozbdc
11/20/2020,Antisipasi Banjir Jelang Puncak Musim Hujan,POSITIF,Saluran dan Tali Air di Jl Taman Wijaya Kusuma Dibersihkan,https://www.beritajakarta.id/read/84886/saluran-dan-tali-air-di-jl-taman-wijaya-kusuma-dibersihkan#.X736eqozbdc
11/20/2020,Antisipasi Banjir Jelang Puncak Musim Hujan,POSITIF,Pengurasan Saluran di Pademangan Ditarget Rampung Hari Ini,https://www.beritajakarta.id/read/84887/pengurasan-saluran-di-pademangan-ditarget-rampung-hari-ini#.X736d6ozbdc
11/20/2020,Antisipasi Banjir Jelang Puncak Musim Hujan,POSITIF,Pembangunan Kolam Olakan di Jelambar Capai 60 Persen,https://www.beritajakarta.id/read/84892/pembangunan-kolam-olakan-di-jelambar-capai-60-persen#.X736daozbdc
11/20/2020,Antisipasi Banjir Jelang Puncak Musim Hujan,POSITIF,Saluran Phb Minyak di Pancoran Dikuras,https://www.beritajakarta.id/read/84891/saluran-phb-minyak-di-pancoran-dikuras#.X736cqozbdc
11/20/2020,Antisipasi Banjir Jelang Puncak Musim Hujan,POSITIF,Saluran Mikro di Kelurahan Krendang Rutin Dibersihkan,https://www.beritajakarta.id/read/84896/saluran-mikro-di-kelurahan-krendang-rutin-dibersihkan#.X736aKozbdc
11/20/2020,Antisipasi Banjir Jelang Puncak Musim Hujan,POSITIF,Pemkab Kepulauan Seribu Optimalkan Antisipasi dan Penanganan Dampak Rob,https://www.beritajakarta.id/read/84902/pemkab-kepulauan-seribu-optimalkan-antisipasi-dan-penanganan-dampak-rob#.X736ZKozbdc
11/20/2020,Antisipasi Banjir Jelang Puncak Musim Hujan,POSITIF,Gerebek Lumpur di Kali Mampang Capai 70 Persen,https://www.beritajakarta.id/read/84900/gerebek-lumpur-di-kali-mampang-capai-70-persen#.X736YKozbdc
11/20/2020,Antisipasi Banjir Jelang Puncak Musim Hujan,POSITIF,Sudin SDA Jakpus Selesaikan Pembangunan 302 Sumur Resapan,https://www.beritajakarta.id/read/84903/sudin-sda-jakpus-selesaikan-pembangunan-302-sumur-resapan#.X736Xqozbdc
11/20/2020,Antisipasi Banjir Jelang Puncak Musim Hujan,POSITIF,Saluran Pemukiman Warga di Karet Kuningan Dikuras,https://www.beritajakarta.id/read/84919/saluran-pemukiman-warga-di-karet-kuningan-dikuras#.X736Sqozbdc
11/20/2020,Antisipasi Banjir Jelang Puncak Musim Hujan,POSITIF,Kelurahan Cilandak Barat Gelar Bersih-bersih Lingkungan di RW 04,https://www.beritajakarta.id/read/84922/kelurahan-cilandak-barat-gelar-bersih-bersih-lingkungan-di-rw-04#.X736Q6ozbdc
11/20/2020,Antisipasi Banjir Jelang Puncak Musim Hujan,POSITIF,Pembangunan Saluran di Jalan Bougenville Pulau Untung Jawa Rampung,https://www.beritajakarta.id/read/84920/pembangunan-saluran-di-jalan-bougenville-pulau-untung-jawa-rampung#.X736RKozbdc
11/20/2020,Antisipasi Banjir Jelang Puncak Musim Hujan,POSITIF,Normalisasi Saluran di Jl Camar Semper Barat Dikebut,https://www.beritajakarta.id/read/84935/normalisasi-saluran-di-jl-camar-semper-barat-dikebut#.X736Gaozbdc
11/20/2020,Antisipasi Banjir Jelang Puncak Musim Hujan,POSITIF,Pembuatan 30 Sumur Resapan di Pulau Untung Jawa Rampung,https://www.beritajakarta.id/read/84937/pembuatan-30-sumur-resapan-di-pulau-untung-jawa-rampung#.X736Faozbdc
11/20/2020,Antisipasi Banjir Jelang Puncak Musim Hujan,POSITIF,Perbaikan Turap Saluran Air Jl Pramuka Capai 30 Persen,https://www.beritajakarta.id/read/84943/perbaikan-turap-saluran-air-jl-pramuka-capai-30-persen#.X736Bqozbdc
11/20/2020,Antisipasi Banjir Jelang Puncak Musim Hujan,POSITIF,Sudin SDA Jakbar Bangun Crossing Saluran Jl Lingkar Luar Barat,https://www.beritajakarta.id/read/84949/sudin-sda-jakbar-bangun-crossing-saluran-jl-lingkar-luar-barat#.X735_Kozbdc
11/20/2020,Antisipasi Banjir Jelang Puncak Musim Hujan,POSITIF,Pembangunan Embung Wirajasa Capai 65 Persen,https://www.beritajakarta.id/read/84946/pembangunan-embung-wirajasa-capai-65-persen#.X735-qozbdc
11/20/2020,Antisipasi Banjir Jelang Puncak Musim Hujan,POSITIF,Wali Kota Jakpus Serahkan Bantuan Peralatan Penanggulangan Banjir,https://www.beritajakarta.id/read/84938/wali-kota-jakpus-serahkan-bantuan-peralatan-penanggulangan-banjir#.X73596ozbdc
11/20/2020,Antisipasi Banjir Jelang Puncak Musim Hujan,POSITIF,Pembangunan 14 Sumur Resapan di Cempaka Putih Dikebut,https://www.beritajakarta.id/read/84948/pembangunan-14-sumur-resapan-di-cempaka-putih-dikebut#.X7358aozbdc
11/20/2020,Antisipasi Banjir Jelang Puncak Musim Hujan,POSITIF,Genangan Air di Dua RT Wilayah Jakarta Telah Surut,https://www.beritajakarta.id/read/84984/genangan-air-di-dua-rt-wilayah-jakarta-telah-surut#.X735zaozbdc
11/20/2020,Antisipasi Banjir Jelang Puncak Musim Hujan,POSITIF,Bangunan Liar di Atas Saluran Penghubung Jl Elang Thainesia Ditertibkan Petugas,https://www.beritajakarta.id/read/84987/bangunan-liar-di-atas-saluran-penghubung-jl-elang-thainesia-ditertibkan-petugas#.X735xqozbdc
11/20/2020,Antisipasi Banjir Jelang Puncak Musim Hujan,POSITIF,Normalisasi Dua Titik Saluran di Jalan Panjang Capai 60 Persen,https://www.beritajakarta.id/read/84979/normalisasi-dua-titik-saluran-di-jalan-panjang-capai-60-persen#.X735sqozbdc
11/20/2020,Antisipasi Banjir Jelang Puncak Musim Hujan,POSITIF,Pembangunan Kolam Olakan Jl Kedoya Raya Ditargetkan Rampung Awal Desember,https://www.beritajakarta.id/read/84959/pembangunan-kolam-olakan-jl-kedoya-raya-ditargetkan-rampung-awal-desember#.X735qKozbdc
11/20/2020,Antisipasi Banjir Jelang Puncak Musim Hujan,POSITIF,Sudin SDA Jaksel Kuras Saluran di Jalan H. Naseri,https://www.beritajakarta.id/read/84963/sudin-sda-jaksel-kuras-saluran-di-jalan-h-naseri#.X735pKozbdc
11/20/2020,Antisipasi Banjir Jelang Puncak Musim Hujan,POSITIF,Pemkot Jakpus Sosialisasikan Penanganan Dampak Banjir di RW 05 Karet Tengsin,https://www.beritajakarta.id/read/84969/pemkot-jakpus-sosialisasikan-penanganan-dampak-banjir-di-rw-05-karet-tengsin#.X735laozbdc
11/20/2020,Antisipasi Banjir Jelang Puncak Musim Hujan,POSITIF,Dinas SDA Gunakan Watermaster Keruk Lumpur Waduk Ria Rio,https://www.beritajakarta.id/read/84967/dinas-sda-gunakan-watermaster-keruk-lumpur-waduk-ria-rio#.X735kaozbdc
11/20/2020,Antisipasi Banjir Jelang Puncak Musim Hujan,POSITIF,Pembangunan Saluran Drainase Jl Tangki Cipayung Capai 60 Persen,https://www.beritajakarta.id/read/84965/pembangunan-saluran-drainase-jl-tangki-cipayung-capai-60-persen#.X735j6ozbdc
11/20/2020,Antisipasi Banjir Jelang Puncak Musim Hujan,POSITIF,20 Sumur Resapan Dibangun di Area Kampus UNJ,https://www.beritajakarta.id/read/84970/20-sumur-resapan-dibangun-di-area-kampus-unj#.X735jaozbdc
11/26/2020,JakWIFI: 9.000 Titik Akses Internet Untuk Warga,POSITIF,Akses JakWIFI di Rawa Badak Utara Dimanfaatkan Guru dan Pelajar,https://www.beritajakarta.id/read/85000/akses-jakwifi-di-rawa-badak-utara-dimanfaatkan-guru-dan-pelajar#.X8TBUaozbdc
11/27/2020,PLTS Pulau Sebira,POSITIF,Kehadiran PLTS di Pulau Sebira Diapresiasi Warga,https://www.beritajakarta.id/read/85022/kehadiran-plts-di-pulau-sebira-diapresiasi-warga#.X8TBJqozbdc
11/27/2020,PLTS Pulau Sebira,POSITIF,Resmikan PLTS Sebira Pemprov DKI Kolaborasi PLN Wujudkan Konektivitas Jaringan Kelistrikan di Wilayah Kepulauan,https://www.beritajakarta.id/read/85005/resmikan-plts-sebira-pemprov-dki-kolaborasi-pln-wujudkan-konektivitas-jaringan-kelistrikan-di-wilayah-kepulauan#.X8TBRqozbdc
11/27/2020,Penghargaan Keterbukaan Informasi Untuk Jakarta,POSITIF,Keterbukaan Informasi COVID-19 Kunci Pemprov DKI Raih 3 Kali Penghargaan Pemda Berkualifikasi Informatif,https://www.beritajakarta.id/read/85023/keterbukaan-informasi-covid-19-kunci-pemprov-dki-raih-3-kali-penghargaan-pemda-berkualifikasi-informatif#.X8TBKaozbdc
10/2/2020,Prosedur Isolasi Terkendali Dalam Penanganan Covid-19,POSITIF,Disparekraf DKI Izinkan Hotel Buka Paket Isolasi Terkendali,https://www.beritajakarta.id/read/83420/disparekraf-dki-izinkan-hotel-buka-paket-isolasi-terkendali#.X3sSHJMzbUo
10/2/2020,Prosedur Isolasi Terkendali Dalam Penanganan Covid-19,POSITIF,Pemprov DKI Jakarta Apresiasi Dukungan Pemerintah Pusat Sediakan Hotel Sebagai Lokasi Isolasi Terkendali,https://www.beritajakarta.id/read/83572/pemprov-dki-jakarta-apresiasi-dukungan-pemerintah-pusat-sediakan-hotel-sebagai-lokasi-isolasi-terkendali#.X30S25Mzbdc
10/2/2020,Prosedur Isolasi Terkendali Dalam Penanganan Covid-19,POSITIF,Pastikan Pelayanan Berjalan Baik Wagub Ariza Tinjau Hotel Isolasi Terkendali Bagi Pasien COVID-19,https://www.beritajakarta.id/read/83480/pastikan-pelayanan-berjalan-baik-wagub-ariza-tinjau-hotel-isolasi-terkendali-bagi-pasien-covid-19#.X3sRfZMzbUo
10/2/2020,Prosedur Isolasi Terkendali Dalam Penanganan Covid-19,POSITIF,Pemkab Kepulauan Seribu Siapkan 13 Lokasi Isolasi Terkendali,https://www.beritajakarta.id/read/83422/pemkab-kepulauan-seribu-siapkan-13-lokasi-isolasi-terkendali#.X3sSDZMzbUo
10/2/2020,Menanti Raperda Penanggulangan COVID-19 DKI Jakarta,POSITIF,Eksekutif Paparkan Raperda Penanggulangan COVID-19,https://www.beritajakarta.id/read/83505/eksekutif-paparkan-raperda-penanggulangan-covid-19#.X3sRDpMzbUo
10/2/2020,Menanti Raperda Penanggulangan COVID-19 DKI Jakarta,POSITIF,Bapemperda Bahas Intensif Raperda Penanggulangan COVID-19,https://www.beritajakarta.id/read/83530/bapemperda-bahas-intensif-raperda-penanggulangan-covid-19#.X3sQ8JMzbUo
10/7/2020,Bulan Dana PMI dan Wajib Donor Pegawai DKI,POSITIF,PMI DKI Jakarta Telah Gelar 1.222 Kegiatan Aksi Donor Darah,https://www.beritajakarta.id/read/83511/pmi-dki-jakarta-telah-gelar-1222-kegiatan-aksi-donor-darah#.X3w6UJMzbUo
10/7/2020,Bulan Dana PMI dan Wajib Donor Pegawai DKI,POSITIF,Bulan Dana PMI 2020 Gubernur Anies Targetkan Peningkatan Jumlah Donatur,https://www.beritajakarta.id/read/83515/bulan-dana-pmi-2020-gubernur-anies-targetkan-peningkatan-jumlah-donatur#.X3w7C5MzbUo
10/7/2020,98 RS Rujukan Pasien Covid-19 di Jakarta,POSITIF,Pantau Penanganan Pasien COVID-19 Wagub Tinjau RSUD Pasar Minggu dan Wisma Atlet,https://www.beritajakarta.id/read/83472/pantau-penanganan-pasien-covid-19-wagub-tinjau-rsud-pasar-minggu-dan-wisma-atlet#.X3w7-pMzbUo
10/9/2020,Langkah Ibu Kota Mengantisipasi Ancaman Banjir,POSITIF,Turap Saluran Jl Akses Marunda Diperbaiki,https://www.beritajakarta.id/read/83676/turap-saluran-jl-akses-marunda-diperbaiki#.X4ULCHgzbdc
10/9/2020,Langkah Ibu Kota Mengantisipasi Ancaman Banjir,POSITIF,Saluran di Jalan Cikoko Dikuras,https://www.beritajakarta.id/read/83694/saluran-di-jalan-cikoko-dikuras#.X4UKxngzbdc
10/9/2020,Langkah Ibu Kota Mengantisipasi Ancaman Banjir,POSITIF,Satgas SDA Jaktim Perbaiki Tanggul Waduk Cilangkap,https://www.beritajakarta.id/read/83703/satgas-sda-jaktim-perbaiki-tanggul-waduk-cilangkap#.X4UKsngzbdc
10/9/2020,Langkah Ibu Kota Mengantisipasi Ancaman Banjir,POSITIF,Gerebek Lumpur di Pademangan Bakal Libatkan 100 Personel Gabungan,https://www.beritajakarta.id/read/83706/gerebek-lumpur-di-pademangan-bakal-libatkan-100-personel-gabungan#.X4UKoXgzbdc
10/9/2020,Langkah Ibu Kota Mengantisipasi Ancaman Banjir,POSITIF,Perbaikan Saluran Penghubung Jl DR Susilo Rampung,https://www.beritajakarta.id/read/83705/perbaikan-saluran-penghubung-jl-dr-susilo-rampung#.X4UKnXgzbdc
10/9/2020,Langkah Ibu Kota Mengantisipasi Ancaman Banjir,POSITIF,Sudin SDA Jakbar Rampungkan Pembangunan Saluran Air Jl Anggur,https://www.beritajakarta.id/read/83707/sudin-sda-jakbar-rampungkan-pembangunan-saluran-air-jl-anggur#.X4UKm3gzbdc
10/9/2020,Langkah Ibu Kota Mengantisipasi Ancaman Banjir,POSITIF,50 Personel Gulkarmat Atasi Banjir di Ciracas dan Cipayung,https://www.beritajakarta.id/read/83710/50-personel-gulkarmat-atasi-banjir-di-ciracas-dan-cipayung#.X4UKjXgzbdc
10/9/2020,Langkah Ibu Kota Mengantisipasi Ancaman Banjir,POSITIF,Petugas Gabungan Tangani Genangan di Jl Haji Ipin Pondok Labu,https://www.beritajakarta.id/read/83711/petugas-gabungan-tangani-genangan-di-jl-haji-ipin-pondok-labu#.X4UKi3gzbdc
10/9/2020,Langkah Ibu Kota Mengantisipasi Ancaman Banjir,POSITIF,17 Personel Gabungan Atasi Genangan di Kramat Jati,https://www.beritajakarta.id/read/83713/17-personel-gabungan-atasi-genangan-di-kramat-jati#.X4UKiHgzbdc
10/9/2020,Langkah Ibu Kota Mengantisipasi Ancaman Banjir,POSITIF,Personel Gabungan Perbaiki Pagar Pembatas Saluran Penghubung di Munjul,https://www.beritajakarta.id/read/83714/personel-gabungan-perbaiki-pagar-pembatas-saluran-penghubung-di-munjul#.X4UKhXgzbdc
10/9/2020,Langkah Ibu Kota Mengantisipasi Ancaman Banjir,POSITIF,129 RT Tergenang Air BPBD DKI Siapkan Sembilan Posko Pengungsian,https://www.beritajakarta.id/read/83717/129-rt-tergenang-air-bpbd-dki-siapkan-sembilan-posko-pengungsian#.X4UKgXgzbdc
10/9/2020,Langkah Ibu Kota Mengantisipasi Ancaman Banjir,POSITIF,Sudin Sosial Jaktim Distribusikan Bantuan Makanan Siap Santap,https://www.beritajakarta.id/read/83716/sudin-sosial-jaktim-distribusikan-bantuan-makanan-siap-santap#.X4UKfXgzbdc
10/9/2020,Langkah Ibu Kota Mengantisipasi Ancaman Banjir,POSITIF,Jumlah RT yang Tergenang Berkurang Warga Mulai Kembali ke Rumahnya,https://www.beritajakarta.id/read/83723/jumlah-rt-yang-tergenang-berkurang-warga-mulai-kembali-ke-rumahnya#.X4UKeHgzbdc
10/9/2020,Langkah Ibu Kota Mengantisipasi Ancaman Banjir,POSITIF,Genangan Surut Saluran Air di Kelurahan Kedoya Utara Dikuras,https://www.beritajakarta.id/read/83727/genangan-surut-saluran-air-di-kelurahan-kedoya-utara-dikuras#.X4UKRXgzbdc
10/9/2020,Langkah Ibu Kota Mengantisipasi Ancaman Banjir,POSITIF,Sudin Kesehatan Jaksel Layani 120 Warga Terdampak Banjir,https://www.beritajakarta.id/read/83729/sudin-kesehatan-jaksel-layani-120-warga-terdampak-banjir#.X4UKQ3gzbdc
10/9/2020,Langkah Ibu Kota Mengantisipasi Ancaman Banjir,POSITIF,BPBD DKI Mencatat Hanya Tinggal Sembilan RT Tergenang Air,https://www.beritajakarta.id/read/83731/bpbd-dki-mencatat-hanya-tinggal-sembilan-rt-tergenang-air#.X4UKPngzbdc
10/9/2020,Langkah Ibu Kota Mengantisipasi Ancaman Banjir,POSITIF,Sudin SDA Kepulauan Seribu Tambah Lubang Biopori di Pulau Pramuka,https://www.beritajakarta.id/read/83743/sudin-sda-kepulauan-seribu-tambah-lubang-biopori-di-pulau-pramuka#.X4UKFXgzbdc
10/9/2020,Langkah Ibu Kota Mengantisipasi Ancaman Banjir,POSITIF,Pagar Pembatas Saluran Ambruk di Munjul Dievakuasi,https://www.beritajakarta.id/read/83757/pagar-pembatas-saluran-ambruk-di-munjul-dievakuasi#.X4UJ4ngzbdc
10/9/2020,Langkah Ibu Kota Mengantisipasi Ancaman Banjir,POSITIF,Manajemen Sistem Pengendali Banjir Kali Cakung Lama akan Dimaksimalkan,https://www.beritajakarta.id/read/83753/manajemen-sistem-pengendali-banjir-kali-cakung-lama-akan-dimaksimalkan#.X4UJ2Hgzbdc
10/9/2020,Langkah Ibu Kota Mengantisipasi Ancaman Banjir,POSITIF,Perbaikan Saluran Penghubung Kampung Bojong Capai 60 Persen,https://www.beritajakarta.id/read/83755/perbaikan-saluran-penghubung-kampung-bojong-capai-60-persen#.X4UJ1Xgzbdc
10/9/2020,Langkah Ibu Kota Mengantisipasi Ancaman Banjir,POSITIF,Pembersihan Saluran di Pademangan Timur Angkut 200 Karung Lumpur,https://www.beritajakarta.id/read/83747/pembersihan-saluran-di-pademangan-timur-angkut-200-karung-lumpur#.X4UJx3gzbdc
10/9/2020,Langkah Ibu Kota Mengantisipasi Ancaman Banjir,POSITIF,Satgas SDA Pasar Minggu Benahi Turap Kali Sarua, https://www.beritajakarta.id/read/83759/satgas-sda-pasar-minggu-benahi-turap-kali-sarua#.X4UJv3gzbdc
10/9/2020,Langkah Ibu Kota Mengantisipasi Ancaman Banjir,POSITIF,Pengerukan Saluran Air Gang Macan Capai 70 Persen,https://www.beritajakarta.id/read/83771/pengerukan-saluran-air-gang-macan-capai-70-persen#.X4UJsngzbdc
10/9/2020,Langkah Ibu Kota Mengantisipasi Ancaman Banjir,POSITIF,Sudinsos Jaktim Salurkan Seribu Boks Makanan Siap Saji,https://www.beritajakarta.id/read/83779/saluran-di-jalan-kemandoran-viii-dikuras#.X4UJqXgzbdc
10/9/2020,Langkah Ibu Kota Mengantisipasi Ancaman Banjir,POSITIF,Saluran di Jalan Kemandoran VIII Dikuras,https://www.beritajakarta.id/read/83779/saluran-di-jalan-kemandoran-viii-dikuras#.X4U1wngzbUp
10/9/2020,Langkah Ibu Kota Mengantisipasi Ancaman Banjir,POSITIF,Antisipasi Banjir Pemprov DKI Pastikan Kesiapan Pompa Hingga Pengerukan Lumpur Berjalan Optimal,https://www.beritajakarta.id/read/83778/antisipasi-banjir-pemprov-dki-pastikan-kesiapan-pompa-hingga-pengerukan-lumpur-berjalan-optimal#.X4UJpXgzbdc
10/9/2020,Langkah Ibu Kota Mengantisipasi Ancaman Banjir,POSITIF,59 Personel Pasukan Biru Kuras Saluran di Tanah Abang,https://www.beritajakarta.id/read/83772/59-personel-pasukan-biru-kuras-saluran-di-tanah-abang#.X4UJongzbdc
10/9/2020,Langkah Ibu Kota Mengantisipasi Ancaman Banjir,POSITIF,Dinas SDA Tambah 65 Pompa Air Apung Baru,https://www.beritajakarta.id/read/83612/dinas-sda-tambah-65-pompa-air-apung-baru#.X4U2gXgzbUo
10/9/2020,Langkah Ibu Kota Mengantisipasi Ancaman Banjir,POSITIF,Personel PPSU Bersihkan Drainase Jl Sunter Cipinang Melayu,https://www.beritajakarta.id/read/83615/personel-ppsu-bersihkan-drainase-jl-sunter-cipinang-melayu#.X4U2dHgzbUo
10/9/2020,Langkah Ibu Kota Mengantisipasi Ancaman Banjir,POSITIF,Sudin Gulkarmat Jaktim Semprot Saluran Air Utan Kayu Selatan,https://www.beritajakarta.id/read/83619/sudin-gulkarmat-jaktim-semprot-saluran-air-utan-kayu-selatan#.X4U2cXgzbUo
10/9/2020,Langkah Ibu Kota Mengantisipasi Ancaman Banjir,POSITIF,Saluran di Jl Raya Tebet Barat Dikuras,https://www.beritajakarta.id/read/83628/saluran-di-jl-raya-tebet-barat-dikuras#.X4U2ZHgzbUo
10/9/2020,Langkah Ibu Kota Mengantisipasi Ancaman Banjir,POSITIF,Saluran Mikro di Wijaya Kusuma Rutin Dibersihkan,https://www.beritajakarta.id/read/83630/saluran-mikro-di-wijaya-kusuma-rutin-dibersihkan#.X4U2XXgzbUo
10/9/2020,Langkah Ibu Kota Mengantisipasi Ancaman Banjir,POSITIF,3.000 Karung Lumpur Diangkut dari Saluran Air Jl Kalisari III,https://www.beritajakarta.id/read/83631/3000-karung-lumpur-diangkut-dari-saluran-air-jl-kalisari-iii#.X4U2WXgzbUo
10/9/2020,Langkah Ibu Kota Mengantisipasi Ancaman Banjir,POSITIF,175 Karung Lumpur Diangkut dari Saluran Jl Kapuas,https://www.beritajakarta.id/read/83624/175-karung-lumpur-diangkut-dari-saluran-jl-kapuas#.X4U2V3gzbUo
10/9/2020,Langkah Ibu Kota Mengantisipasi Ancaman Banjir,POSITIF,Pemkot Jakut Susun Pedoman Penanggulangan Banjir,https://www.beritajakarta.id/read/83632/pemkot-jakut-susun-pedoman-penanggulangan-banjir#.X4U2VngzbUo
10/19/2020,Berbagai Upaya DKI Jakarta Hadapi La Nina,POSITIF,Atasi Genangan di Jalan Sudin Bina Marga Jaksel Percepat Pembuatan Storm Inlet,https://www.beritajakarta.id/read/84078/atasi-genangan-di-jalan-sudin-bina-marga-jaksel-percepat-pembuatan-storm-inlet#.X5A_hkIzbdc
10/19/2020,Berbagai Upaya DKI Jakarta Hadapi La Nina,POSITIF,Proses Pengerukan Kali Ciliwung Capai 80 Persen,https://www.beritajakarta.id/read/84068/proses-pengerukan-kali-ciliwung-capai-80-persen#.X5A_ikIzbdc
10/19/2020,Berbagai Upaya DKI Jakarta Hadapi La Nina,POSITIF,Sudin Bina Marga dan SDA Jakpus Berkolaborasi Atasi Genangan di Ruas Jalan,https://www.beritajakarta.id/read/84070/sudin-bina-marga-dan-sda-jakpus-berkolaborasi-atasi-genangan-di-ruas-jalan#.X5A_jEIzbd
10/19/2020,Berbagai Upaya DKI Jakarta Hadapi La Nina,POSITIF,Kanstin di Jalan TB Simatupang Diperbaiki,https://www.beritajakarta.id/read/84076/kanstin-di-jalan-tb-simatupang-diperbaiki#.X5A_lUIzbdc
10/19/2020,Berbagai Upaya DKI Jakarta Hadapi La Nina,POSITIF,Turap Saluran Penghubung Kali Uangan Diperbaiki,https://www.beritajakarta.id/read/84067/turap-saluran-penghubung-kali-uangan-diperbaiki#.X5BBjEIzbUo
10/19/2020,Berbagai Upaya DKI Jakarta Hadapi La Nina,POSITIF,Pemkot Jakpus Prioritaskan Penanganan Banjir di Enam Wilayah Kelurahan,https://www.beritajakarta.id/read/84062/pemkot-jakpus-prioritaskan-penanganan-banjir-di-enam-wilayah-kelurahan#.X5BBlEIzbUo
10/19/2020,Berbagai Upaya DKI Jakarta Hadapi La Nina,POSITIF,Pembangunan Kolam Olakan Jl Pangeran Tubagus Angke Capai 70 Persen,https://www.beritajakarta.id/read/84056/pembangunan-kolam-olakan-jl-pangeran-tubagus-angke-capai-70-persen#.X5BBoUIzbUo
10/19/2020,Berbagai Upaya DKI Jakarta Hadapi La Nina,POSITIF,Sebelas Saluran Air dan Crossing Saluran Bakal Dibangun di Jaktim,https://www.beritajakarta.id/read/84045/sebelas-saluran-air-dan-crossing-saluran-bakal-dibangun-di-jaktim#.X5BBpEIzbUo
10/19/2020,Berbagai Upaya DKI Jakarta Hadapi La Nina,POSITIF,Genangan di Tujuh RT Telah Surut Total,https://www.beritajakarta.id/read/84057/genangan-di-tujuh-rt-telah-surut-total#.X5BCgEIzbUo
10/19/2020,Berbagai Upaya DKI Jakarta Hadapi La Nina,POSITIF,Pompa IPAL di Pulau Tidung Diperbaiki,https://www.beritajakarta.id/read/84053/pompa-ipal-di-pulau-tidung-diperbaiki#.X5BCeEIzbUo
10/19/2020,Berbagai Upaya DKI Jakarta Hadapi La Nina,POSITIF,360 Karung Lumpur Diangkut dari Saluran Air Jl Seroja,https://www.beritajakarta.id/read/84030/360-karung-lumpur-diangkut-dari-saluran-air-jl-seroja#.X5BDMEIzbUo
10/19/2020,Berbagai Upaya DKI Jakarta Hadapi La Nina,POSITIF,Dua Saluran Air di Ciracas Dibersihkan Petugas,https://www.beritajakarta.id/read/84037/dua-saluran-air-di-ciracas-dibersihkan-petugas#.X5BDQUIzbUo
10/19/2020,Berbagai Upaya DKI Jakarta Hadapi La Nina,POSITIF,Sudin LH Jaksel Optimalkan Fungsi Ponton di Kali dan Sungai,https://www.beritajakarta.id/read/84026/sudin-lh-jaksel-optimalkan-fungsi-ponton-di-kali-dan-sungai#.X5BDeEIzbUo
10/19/2020,Berbagai Upaya DKI Jakarta Hadapi La Nina,POSITIF,Enam Petugas SDA Siaga Pantau Genangan di Jl. MT Haryono,https://www.beritajakarta.id/read/83996/enam-petugas-sda-siaga-pantau-genangan-di-jl-mt-haryono#.X5BDvUIzbU
10/19/2020,Berbagai Upaya DKI Jakarta Hadapi La Nina,POSITIF,18 Petugas Atasi Genangan di Kelurahan Rambutan,https://www.beritajakarta.id/read/83997/18-petugas-atasi-genangan-di-kelurahan-rambutan#.X5BDwEIzbUo
10/19/2020,Berbagai Upaya DKI Jakarta Hadapi La Nina,POSITIF,Saluran di Jalan Warung Buncit Raya Dikuras,https://www.beritajakarta.id/read/83992/saluran-di-jalan-warung-buncit-raya-dikuras#.X5BDwUIzbUo
10/19/2020,Berbagai Upaya DKI Jakarta Hadapi La Nina,POSITIF,15 Petugas Atasi Genangan di Jl Pintu I TMII,https://www.beritajakarta.id/read/83991/15-petugas-atasi-genangan-di-jl-pintu-i-tmii#.X5BEyUIzbUo
10/19/2020,Berbagai Upaya DKI Jakarta Hadapi La Nina,POSITIF,Saluran Air di Kelurahan Pulogadung Dibersihkan Petugas,https://www.beritajakarta.id/read/83981/saluran-air-di-kelurahan-pulogadung-dibersihkan-petugas#.X5BE00IzbUo
10/19/2020,Berbagai Upaya DKI Jakarta Hadapi La Nina,POSITIF,Saluran Air Permukiman Warga di Semper Timur Dikuras,https://www.beritajakarta.id/read/83985/saluran-air-permukiman-warga-di-semper-timur-dikuras#.X5BE10IzbUo
10/19/2020,Berbagai Upaya DKI Jakarta Hadapi La Nina,POSITIF,Sudin Bina Marga Jaksel Siagakan Rumah Pompa di Tujuh Jalan Underpass,https://www.beritajakarta.id/read/83983/sudin-bina-marga-jaksel-siagakan-rumah-pompa-di-tujuh-jalan-underpass#.X5BE2kIzbUo
10/19/2020,Berbagai Upaya DKI Jakarta Hadapi La Nina,POSITIF,Pengerukan Saluran Air Gang Macan Rampung,https://www.beritajakarta.id/read/83967/pengerukan-saluran-air-gang-macan-rampung#.X5BE3UIzbUo
10/19/2020,Berbagai Upaya DKI Jakarta Hadapi La Nina,POSITIF,Dinas Gulkarmat DKI Siagakan 280 Perahu Karet untuk Evakuasi,https://www.beritajakarta.id/read/83966/dinas-gulkarmat-dki-siagakan-280-perahu-karet-untuk-evakuasi#.X5BE7EIzbUo
10/19/2020,Berbagai Upaya DKI Jakarta Hadapi La Nina,POSITIF,Saluran Air Jl Kesatriaan 8 Kebon Manggis Dibersihkan,beritajakarta.id/read/83969/saluran-air-jl-kesatriaan-8-kebon-manggis-dibersihkan#.X5BE7UIzbUo
10/19/2020,Berbagai Upaya DKI Jakarta Hadapi La Nina,POSITIF,Puluhan Petugas Normalisasi Saluran Jl Camar Gg 8,https://www.beritajakarta.id/read/83974/puluhan-petugas-normalisasi-saluran-jl-camar-gg-8#.X5BE-kIzbUo
10/19/2020,Berbagai Upaya DKI Jakarta Hadapi La Nina,POSITIF,Tiga Titik Saluran Air di Jakarta Timur Dibersihkan,https://www.beritajakarta.id/read/83957/tiga-titik-saluran-air-di-jakarta-timur-dibersihkan#.X5BFz0IzbUo
10/19/2020,Berbagai Upaya DKI Jakarta Hadapi La Nina,POSITIF,Wagub Ariza Tinjau Gerebek Lumpur di Kali Sentiong,https://www.beritajakarta.id/read/83956/wagub-ariza-tinjau-gerebek-lumpur-di-kali-sentiong#.X5BF0kIzbUo
10/19/2020,Berbagai Upaya DKI Jakarta Hadapi La Nina,POSITIF,PPSU Semper Barat Bersihkan Crossing Saluran Phb Camar,https://www.beritajakarta.id/read/83958/ppsu-semper-barat-bersihkan-crossing-saluran-phb-camar#.X5BF1EIzbUo
10/19/2020,Berbagai Upaya DKI Jakarta Hadapi La Nina,POSITIF,60 Petugas PPSU Bersihkan Saluran Air Akik Yaman Pisangan Timur,https://www.beritajakarta.id/read/83951/60-petugas-ppsu-bersihkan-saluran-air-akik-yaman-pisangan-timur#.X5BF2EIzbUo
10/19/2020,Berbagai Upaya DKI Jakarta Hadapi La Nina,POSITIF,Saluran Air Sepanjang 300 Meter di Kelurahan Jati Dibersihkan,https://www.beritajakarta.id/read/83953/saluran-air-sepanjang-300-meter-di-kelurahan-jati-dibersihkan#.X5BF2kIzbUo
10/19/2020,Berbagai Upaya DKI Jakarta Hadapi La Nina,POSITIF,Saluran Air di Jalan Kemandoran VIII Diperbaiki,https://www.beritajakarta.id/read/83943/saluran-air-di-jalan-kemandoran-viii-diperbaiki#.X5BF60IzbUo
10/19/2020,Berbagai Upaya DKI Jakarta Hadapi La Nina,POSITIF,PPSU Kelapa Gading Barat Tangani Genangan di Dua Ruas Jalan,https://www.beritajakarta.id/read/83924/ppsu-kelapa-gading-barat-tangani-genangan-di-dua-ruas-jalan#.X5BGFEIzbUo
10/19/2020,Berbagai Upaya DKI Jakarta Hadapi La Nina,POSITIF,PPSU Johar Baru Angkut 15 Karung Sampah dan Lumpur dari Saluran Warga,https://www.beritajakarta.id/read/83921/ppsu-johar-baru-angkut-15-karung-sampah-dan-lumpur-dari-saluran-warga#.X5BGGkIzbUo
10/19/2020,Berbagai Upaya DKI Jakarta Hadapi La Nina,POSITIF,Petugas Gulkarmat Jagakarsa Bersihkan Lumpur Sisa Longsor di Ciganjur,https://www.beritajakarta.id/read/83916/petugas-gulkarmat-jagakarsa-bersihkan-lumpur-sisa-longsor-di-ciganjur#.X5BGIUIzbUo
10/19/2020,Berbagai Upaya DKI Jakarta Hadapi La Nina,POSITIF,Sudin SDA Jaksel Keruk Lumpur Saluran Penghubung Kalibata,https://www.beritajakarta.id/read/83914/sudin-sda-jaksel-keruk-lumpur-saluran-penghubung-kalibata#.X5BGLkIzbUo
10/19/2020,Berbagai Upaya DKI Jakarta Hadapi La Nina,POSITIF,Antisipasi Banjir Sudinsos Jaktim Siagakan 400 Tagana,https://www.beritajakarta.id/read/83893/antisipasi-banjir-sudinsos-jaktim-siagakan-400-tagana#.X5BGNkIzbUo
10/19/2020,Berbagai Upaya DKI Jakarta Hadapi La Nina,POSITIF,Dinas Gulkarmat Siapkan Personel dan Peralatan Mengantisipasi Banjir,https://www.beritajakarta.id/read/83901/dinas-gulkarmat-siapkan-personel-dan-peralatan-mengantisipasi-banjir#.X5BGQkIzbUo
10/19/2020,Berbagai Upaya DKI Jakarta Hadapi La Nina,POSITIF,Dinas LH Pastikan 28 Pintu Saringan Sampah Sungai Kondisinya Prima,https://www.beritajakarta.id/read/83898/dinas-lh-pastikan-28-pintu-saringan-sampah-sungai-kondisinya-prima#.X5BGS0IzbUo
10/19/2020,Berbagai Upaya DKI Jakarta Hadapi La Nina,POSITIF,Sudin SDA Kepulauan Seribu Perbaiki Saluran di Pulau Panggang,https://www.beritajakarta.id/read/83894/sudin-sda-kepulauan-seribu-perbaiki-saluran-di-pulau-panggang#.X5BGU0IzbUo
10/19/2020,Berbagai Upaya DKI Jakarta Hadapi La Nina,POSITIF,Pengelola Gedung di Jl DI Panjaitan Diimbau Bangun Sumur Resapan,https://www.beritajakarta.id/read/83865/pengelola-gedung-di-jl-di-panjaitan-diimbau-bangun-sumur-resapan#.X5BGXUIzbUo
10/19/2020,Berbagai Upaya DKI Jakarta Hadapi La Nina,POSITIF, Kelurahan Karet Semanggi Tambah Sumur Resapan,https://www.beritajakarta.id/read/83886/kelurahan-karet-semanggi-tambah-sumur-resapan#.X5BGYUIzbUo
10/19/2020,Berbagai Upaya DKI Jakarta Hadapi La Nina,POSITIF,Petugas Bersihkan Saluran Air Jl Balam Kramat Jati,https://www.beritajakarta.id/read/83869/petugas-bersihkan-saluran-air-jl-balam-kramat-jati#.X5BGfUIzbUo
10/19/2020,Berbagai Upaya DKI Jakarta Hadapi La Nina,POSITIF,Dinas SDA DKI Keruk Lumpur Kali Sekretaris di Kebon Jeruk,https://www.beritajakarta.id/read/83866/dinas-sda-dki-keruk-lumpur-kali-sekretaris-di-kebon-jeruk#.X5BGhkIzbUo
10/19/2020,Berbagai Upaya DKI Jakarta Hadapi La Nina,POSITIF,Posko Siaga Bencana Kampung Melayu Mulai Aktif,https://www.beritajakarta.id/read/83857/posko-siaga-bencana-kampung-melayu-mulai-aktif#.X5BGl0IzbUo
10/19/2020,Berbagai Upaya DKI Jakarta Hadapi La Nina,POSITIF,Saluran Air Jl Utan Kayu Raya Dibersihkan,https://www.beritajakarta.id/read/83860/saluran-air-jl-utan-kayu-raya-dibersihkan#.X5BGmUIzbUo
